{
  "keff": 1.0021475,
  "keff_std": 0.0023041100053310544,
  "keff_history": [
    0.9847,
    0.9878,
    1.0068,
    0.9838,
    1.0111,
    0.9932,
    0.9808,
    1.0124,
    0.9867,
    1.0227,
    1.0233,
    1.0012,
    0.9869,
    0.9845,
    1.0072,
    1.0033,
    0.9814,
    0.9853,
    1.0028,
    1.0094,
    1.0273,
    0.9861,
    1.006,
    1.0235,
    1.0276,
    1.0142,
    1.0054,
    1.018,
    0.9881,
    0.9934,
    0.9976,
    1.0146,
    1.0187,
    1.0089,
    1.0145,
    1.0118,
    0.9885,
    1.0003,
    1.0138,
    1.0033,
    0.9987,
    1.0124,
    0.9962,
    1.0142,
    0.9808,
    0.9946,
    0.9887,
    0.9804,
    0.9667,
    1.0063
  ],
  "entropy_history": [
    2.8050965294712182,
    2.8100380251545496,
    2.8003114748987232,
    2.8063356665017625,
    2.798987436696834,
    2.8138286054346358,
    2.78707711716257,
    2.793560846080018,
    2.7970885140453916,
    2.8026512392811274,
    2.7943059430311634,
    2.8102244355803134,
    2.8146315856911586,
    2.8107174860146475,
    2.815230118449256,
    2.8167270659443733,
    2.8016061021528236,
    2.8103044655133416,
    2.8046378508999847,
    2.805814482079959,
    2.800121949769361,
    2.784496142690801,
    2.7838945722100137,
    2.811404898758232,
    2.80376953127318,
    2.8002653924609358,
    2.8042403363327937,
    2.8012910179145547,
    2.7931792782758373,
    2.8117282293995736,
    2.8003536815391783,
    2.7904083180937684,
    2.80087792375548,
    2.8139444305207144,
    2.816220844537776,
    2.805870455580608,
    2.817731295632098,
    2.8065683081468813,
    2.8019257949728615,
    2.8102048807522646,
    2.8004894633099284,
    2.812250424003263,
    2.808187473784753,
    2.815219678148262,
    2.8088588471282985,
    2.8190032512496797,
    2.826861735086546,
    2.813532297509643,
    2.8215333252863344,
    2.823512651625844
  ],
  "leakage_fraction": 0.0,
  "total_time": 0.5394890308380127,
  "backend_name": "Metal (Apple M4 Max)",
  "n_particles": 10000,
  "n_batches": 50,
  "n_inactive": 10,
  "n_active": 40,
  "r_edges": [
    0.0,
    0.040432319999999994,
    0.08086463999999999,
    0.12129695999999998,
    0.16172927999999998,
    0.20216159999999997,
    0.24259391999999996,
    0.28302624,
    0.32345855999999995,
    0.3638908799999999,
    0.40432319999999994,
    0.44475551999999996,
    0.4851878399999999,
    0.5256201599999999,
    0.56605248,
    0.6064847999999999,
    0.6469171199999999,
    0.6873494399999999,
    0.7277817599999998,
    0.7682140799999999,
    0.8086463999999999,
    0.8490787199999998,
    0.8895110399999999,
    0.9299433599999999,
    0.9703756799999999,
    1.010808
  ],
  "z_edges": [
    -0.9603079999999999,
    -0.8962874666666666,
    -0.8322669333333332,
    -0.7682464,
    -0.7042258666666666,
    -0.6402053333333333,
    -0.5761848,
    -0.5121642666666667,
    -0.44814373333333335,
    -0.3841232,
    -0.32010266666666665,
    -0.2560821333333334,
    -0.19206160000000005,
    -0.1280410666666667,
    -0.06402053333333346,
    -1.1102230246251565e-16,
    0.06402053333333324,
    0.12804106666666648,
    0.19206159999999994,
    0.2560821333333332,
    0.32010266666666665,
    0.3841231999999999,
    0.4481437333333331,
    0.5121642666666666,
    0.5761847999999998,
    0.6402053333333331,
    0.7042258666666665,
    0.7682463999999998,
    0.832266933333333,
    0.8962874666666665,
    0.9603079999999999
  ]
}