{
  "keff": 1.0039791875000001,
  "keff_std": 0.0003170537510302095,
  "keff_history": [
    0.98013,
    0.99441,
    1.0013,
    1.000675,
    1.000605,
    1.00322,
    1.00116,
    1.00409,
    0.99919,
    1.00771,
    1.00192,
    1.004235,
    1.002575,
    1.00232,
    1.00495,
    1.00236,
    1.00446,
    1.00231,
    0.999415,
    1.00704,
    1.005975,
    1.004555,
    1.005065,
    1.00672,
    1.00418,
    0.999475,
    1.002735,
    1.00625,
    1.00424,
    1.005,
    1.002465,
    1.007935,
    1.003235,
    1.00974,
    0.9974,
    1.00554,
    1.00309,
    1.00317,
    1.004725,
    1.004705,
    1.003115,
    1.001775,
    1.003145,
    1.00556,
    1.00382,
    1.003985,
    1.006815,
    1.00528,
    1.003635,
    1.001585,
    1.001695,
    0.999575,
    1.00388,
    1.007445,
    1.00593,
    1.00596,
    1.00079,
    0.99998,
    1.01189,
    1.007675,
    1.00328,
    1.00209,
    1.000965,
    1.00606,
    1.002885,
    1.007215,
    1.00541,
    1.006925,
    1.00742,
    1.003905,
    1.004665,
    1.00496,
    1.003895,
    1.00298,
    1.00594,
    1.00276,
    1.000435,
    0.99976,
    1.001675,
    1.003885,
    1.003605,
    1.000685,
    1.001905,
    1.003715,
    0.999185,
    1.000845,
    1.00493,
    1.00318,
    1.00118,
    1.01016,
    1.00523,
    1.006065,
    1.00543,
    1.00352,
    1.00308,
    1.004075,
    0.996705,
    1.011135,
    1.00646,
    1.0004
  ],
  "entropy_history": [
    2.809013373269431,
    2.8139071704164857,
    2.809081541953414,
    2.8080565369206125,
    2.811399686688359,
    2.8088064586959938,
    2.8076610899407437,
    2.8045143087539546,
    2.809821543627541,
    2.809282386841616,
    2.8081484545806745,
    2.8070541746850735,
    2.810161213160438,
    2.81059246903979,
    2.811741744588108,
    2.812212649095899,
    2.8114840081530295,
    2.80576110257276,
    2.809462165279121,
    2.811156103422886,
    2.809398831848148,
    2.805168110645106,
    2.8089152568169165,
    2.81108045731507,
    2.806438607578715,
    2.8059578832774847,
    2.8088193195494884,
    2.8053721927188713,
    2.8065398065590506,
    2.806761676761367,
    2.80862554599952,
    2.808081737486217,
    2.810243171851782,
    2.80748542370369,
    2.8053008726966264,
    2.805268442090557,
    2.806366026316005,
    2.805311386373257,
    2.806627301952081,
    2.8116680253594195,
    2.8125668907141237,
    2.8111359375532863,
    2.810461268329311,
    2.8093765741252783,
    2.8105485516592137,
    2.8122194322835505,
    2.81261931316465,
    2.808396791632535,
    2.8112678107073763,
    2.811254706842652,
    2.8087488897529753,
    2.8076664591618545,
    2.806272777882344,
    2.8073447173334483,
    2.8096130070864507,
    2.810110315109092,
    2.808298198987794,
    2.8097789127170416,
    2.8107067239702195,
    2.81297054798794,
    2.8088013732607626,
    2.8079122835289647,
    2.8087323298815554,
    2.8069280028535806,
    2.8087491052580513,
    2.8101280001944335,
    2.8085553617863495,
    2.8122017280178997,
    2.811320665328224,
    2.81148036888432,
    2.8093665858961305,
    2.8094437476453686,
    2.8120114256807027,
    2.809329120006673,
    2.8113709782076257,
    2.808572546990868,
    2.8084208891323916,
    2.809958217591344,
    2.8087676629238185,
    2.8086520843645,
    2.806115476206319,
    2.808937369679449,
    2.811487683347435,
    2.8084421602029828,
    2.8064613270062084,
    2.806687888087854,
    2.8097918215311215,
    2.8131007079319037,
    2.8089113413932356,
    2.8107813515894096,
    2.8091593243750075,
    2.812577195370371,
    2.8098148731909642,
    2.809341786360708,
    2.808421384504094,
    2.80878387233585,
    2.81196259318133,
    2.8131015270607915,
    2.811333431952407,
    2.8099654195620887
  ],
  "leakage_fraction": 0.0,
  "total_time": 6.012428045272827,
  "backend_name": "Metal (Apple M4 Max)",
  "n_particles": 200000,
  "n_batches": 100,
  "n_inactive": 20,
  "n_active": 80,
  "r_edges": [
    0.0,
    0.040432319999999994,
    0.08086463999999999,
    0.12129695999999998,
    0.16172927999999998,
    0.20216159999999997,
    0.24259391999999996,
    0.28302624,
    0.32345855999999995,
    0.3638908799999999,
    0.40432319999999994,
    0.44475551999999996,
    0.4851878399999999,
    0.5256201599999999,
    0.56605248,
    0.6064847999999999,
    0.6469171199999999,
    0.6873494399999999,
    0.7277817599999998,
    0.7682140799999999,
    0.8086463999999999,
    0.8490787199999998,
    0.8895110399999999,
    0.9299433599999999,
    0.9703756799999999,
    1.010808
  ],
  "z_edges": [
    -0.9603079999999999,
    -0.8962874666666666,
    -0.8322669333333332,
    -0.7682464,
    -0.7042258666666666,
    -0.6402053333333333,
    -0.5761848,
    -0.5121642666666667,
    -0.44814373333333335,
    -0.3841232,
    -0.32010266666666665,
    -0.2560821333333334,
    -0.19206160000000005,
    -0.1280410666666667,
    -0.06402053333333346,
    -1.1102230246251565e-16,
    0.06402053333333324,
    0.12804106666666648,
    0.19206159999999994,
    0.2560821333333332,
    0.32010266666666665,
    0.3841231999999999,
    0.4481437333333331,
    0.5121642666666666,
    0.5761847999999998,
    0.6402053333333331,
    0.7042258666666665,
    0.7682463999999998,
    0.832266933333333,
    0.8962874666666665,
    0.9603079999999999
  ]
}