{
  "keff": 1.0058175,
  "keff_std": 0.0018412262061755728,
  "keff_history": [
    0.995,
    0.9913,
    1.0171,
    1.0093,
    1.0008,
    0.9961,
    1.0115,
    1.0219,
    1.0282,
    0.9922,
    0.9884,
    1.0061,
    1.0176,
    1.014,
    1.0146,
    1.0194,
    1.0051,
    0.9875,
    0.9847,
    0.9979,
    0.9867,
    1.0021,
    1.0147,
    0.9914,
    1.0141,
    1.0164,
    1.0151,
    1.011,
    1.0005,
    1.0221,
    1.0201,
    0.9986,
    1.0102,
    1.001,
    0.9975,
    1.0117,
    1.0296,
    0.9924,
    1.0022,
    0.9981,
    1.006,
    1.0123,
    1.0027,
    1.0233,
    1.0037,
    1.0107,
    1.0128,
    1.0143,
    0.9825,
    0.9936
  ],
  "entropy_history": [
    2.8250849666798237,
    2.7947112593028587,
    2.795902748978863,
    2.812086987476007,
    2.7983909177663984,
    2.7949701857679763,
    2.8084261331716656,
    2.8060855866405956,
    2.809273939940283,
    2.7985613782267045,
    2.816607031804262,
    2.8027249445405955,
    2.8163275380564308,
    2.806385984062429,
    2.7939111083475456,
    2.808769588541771,
    2.8061399481705034,
    2.8197050611566796,
    2.8235732631521024,
    2.817019056882668,
    2.8086193165982496,
    2.797467192138606,
    2.7899961985142827,
    2.8009724797069944,
    2.8152640890544394,
    2.8040603874534793,
    2.81010400664249,
    2.8100940887876806,
    2.7977183765781186,
    2.811868841701915,
    2.803198109634504,
    2.804038926081818,
    2.818630880685002,
    2.8251435332540527,
    2.8200556461069697,
    2.8120961626817422,
    2.8127067046807848,
    2.814251978963694,
    2.820182595711893,
    2.8310195550092354,
    2.81225540941902,
    2.8065386979998053,
    2.802475960216935,
    2.80319007392583,
    2.81381460268498,
    2.795719958148767,
    2.808755238209942,
    2.7969019741494052,
    2.793851910450719,
    2.804149273791879
  ],
  "leakage_fraction": 0.25587750000000004,
  "total_time": 31.405968189239502,
  "backend_name": "CPU (16 cores, Numba JIT)",
  "n_particles": 10000,
  "n_batches": 50,
  "n_inactive": 10,
  "n_active": 40,
  "r_edges": [
    0.0,
    0.040432319999999994,
    0.08086463999999999,
    0.12129695999999998,
    0.16172927999999998,
    0.20216159999999997,
    0.24259391999999996,
    0.28302624,
    0.32345855999999995,
    0.3638908799999999,
    0.40432319999999994,
    0.44475551999999996,
    0.4851878399999999,
    0.5256201599999999,
    0.56605248,
    0.6064847999999999,
    0.6469171199999999,
    0.6873494399999999,
    0.7277817599999998,
    0.7682140799999999,
    0.8086463999999999,
    0.8490787199999998,
    0.8895110399999999,
    0.9299433599999999,
    0.9703756799999999,
    1.010808
  ],
  "z_edges": [
    -0.9603079999999999,
    -0.8962874666666666,
    -0.8322669333333332,
    -0.7682464,
    -0.7042258666666666,
    -0.6402053333333333,
    -0.5761848,
    -0.5121642666666667,
    -0.44814373333333335,
    -0.3841232,
    -0.32010266666666665,
    -0.2560821333333334,
    -0.19206160000000005,
    -0.1280410666666667,
    -0.06402053333333346,
    -1.1102230246251565e-16,
    0.06402053333333324,
    0.12804106666666648,
    0.19206159999999994,
    0.2560821333333332,
    0.32010266666666665,
    0.3841231999999999,
    0.4481437333333331,
    0.5121642666666666,
    0.5761847999999998,
    0.6402053333333331,
    0.7042258666666665,
    0.7682463999999998,
    0.832266933333333,
    0.8962874666666665,
    0.9603079999999999
  ]
}