{
  "keff": 1.0036239249999999,
  "keff_std": 0.00020332226027279087,
  "keff_history": [
    0.981054,
    0.996174,
    1.001145,
    1.002106,
    1.001583,
    1.002245,
    1.005255,
    1.002456,
    1.003979,
    1.002845,
    1.003477,
    1.003328,
    1.004593,
    1.00297,
    1.003239,
    1.002392,
    1.005896,
    1.005114,
    1.005489,
    1.002809,
    1.001423,
    1.00598,
    1.00382,
    1.004017,
    1.0036,
    1.002311,
    1.002627,
    1.006219,
    1.003603,
    1.003694,
    1.001026,
    1.004405,
    1.004722,
    1.005661,
    1.003761,
    1.002868,
    1.003933,
    1.002713,
    1.003747,
    1.003554,
    1.004416,
    1.003978,
    1.001905,
    1.002541,
    1.005239,
    1.001374,
    1.003408,
    1.002641,
    1.002322,
    1.004142
  ],
  "entropy_history": [
    2.8085845929491,
    2.81066033972711,
    2.80965728224775,
    2.8077218932030794,
    2.809963695239276,
    2.809776208754816,
    2.8082165562203563,
    2.8074221334922864,
    2.809752914747258,
    2.809202357971292,
    2.808080432510295,
    2.808103707043152,
    2.809609626268805,
    2.8107534884420553,
    2.8097621577626186,
    2.8084765615682157,
    2.8093771857802063,
    2.8094444908359257,
    2.80897747676609,
    2.80917630767588,
    2.809203043628071,
    2.808756455499206,
    2.808027794867933,
    2.808643176703569,
    2.8084350208341236,
    2.806908684534025,
    2.807739856366816,
    2.8077888468205376,
    2.808312366964189,
    2.8094917794399263,
    2.8081593129517017,
    2.8101746967713606,
    2.8097807491297564,
    2.810829110990814,
    2.810279014406778,
    2.809583649346819,
    2.809181132918339,
    2.809239124451172,
    2.808969624294493,
    2.808092275409101,
    2.807867050776961,
    2.8083430747793954,
    2.807820131319667,
    2.8082752209906383,
    2.811143600607305,
    2.8098758909608526,
    2.809064027978398,
    2.8092348757590355,
    2.808571974183923,
    2.809854230204763
  ],
  "leakage_fraction": 0.0,
  "total_time": 13.789413928985596,
  "backend_name": "Metal (Apple M4 Max)",
  "n_particles": 1000000,
  "n_batches": 50,
  "n_inactive": 10,
  "n_active": 40,
  "r_edges": [
    0.0,
    0.040432319999999994,
    0.08086463999999999,
    0.12129695999999998,
    0.16172927999999998,
    0.20216159999999997,
    0.24259391999999996,
    0.28302624,
    0.32345855999999995,
    0.3638908799999999,
    0.40432319999999994,
    0.44475551999999996,
    0.4851878399999999,
    0.5256201599999999,
    0.56605248,
    0.6064847999999999,
    0.6469171199999999,
    0.6873494399999999,
    0.7277817599999998,
    0.7682140799999999,
    0.8086463999999999,
    0.8490787199999998,
    0.8895110399999999,
    0.9299433599999999,
    0.9703756799999999,
    1.010808
  ],
  "z_edges": [
    -0.9603079999999999,
    -0.8962874666666666,
    -0.8322669333333332,
    -0.7682464,
    -0.7042258666666666,
    -0.6402053333333333,
    -0.5761848,
    -0.5121642666666667,
    -0.44814373333333335,
    -0.3841232,
    -0.32010266666666665,
    -0.2560821333333334,
    -0.19206160000000005,
    -0.1280410666666667,
    -0.06402053333333346,
    -1.1102230246251565e-16,
    0.06402053333333324,
    0.12804106666666648,
    0.19206159999999994,
    0.2560821333333332,
    0.32010266666666665,
    0.3841231999999999,
    0.4481437333333331,
    0.5121642666666666,
    0.5761847999999998,
    0.6402053333333331,
    0.7042258666666665,
    0.7682463999999998,
    0.832266933333333,
    0.8962874666666665,
    0.9603079999999999
  ]
}