{
  "keff": 1.0034420000000002,
  "keff_std": 0.0006809103734772003,
  "keff_history": [
    0.98586,
    0.99614,
    1.0031,
    1.01408,
    1.00586,
    1.00642,
    1.00278,
    0.99806,
    1.01548,
    0.99466,
    0.99966,
    1.00324,
    1.01012,
    1.00282,
    1.00186,
    1.01108,
    1.00106,
    1.00266,
    1.01494,
    0.9955,
    1.01306,
    1.0067,
    1.00236,
    1.00094,
    1.00844,
    1.00746,
    1.00692,
    1.00286,
    1.00496,
    0.99118,
    1.00362,
    0.99404,
    1.00398,
    0.9918,
    1.0015,
    0.99694,
    0.9983,
    1.01246,
    1.00224,
    1.00406,
    1.00598,
    0.99,
    1.01708,
    0.99612,
    0.99554,
    1.00922,
    1.01316,
    1.00828,
    1.0071,
    1.00124,
    1.00904,
    1.0002,
    0.99894,
    0.99804,
    1.00748,
    0.9988,
    1.00778,
    0.9948,
    1.00946,
    0.99704,
    1.00442,
    1.00276,
    1.0098,
    1.00184,
    1.00726,
    1.01344,
    1.00294,
    1.00496,
    1.00938,
    0.99832,
    1.00518,
    0.99942,
    1.00956,
    1.0005,
    0.99836,
    1.00222,
    1.0067,
    1.00452,
    0.99526,
    1.00224,
    1.00226,
    1.01398,
    1.006,
    1.00558,
    1.0029,
    1.00658,
    0.99772,
    1.00398,
    1.01866,
    1.00056,
    0.9989,
    1.0097,
    0.99312,
    1.00428,
    1.00268,
    1.01312,
    1.00188,
    0.99432,
    1.00782,
    0.99312
  ],
  "entropy_history": [
    2.804374245827991,
    2.8183143949427927,
    2.816341125215521,
    2.817249566067523,
    2.815749699695562,
    2.8047949409607136,
    2.81149864839169,
    2.8127598005005874,
    2.8037972201252708,
    2.8113728932482074,
    2.8132623494995617,
    2.8148822325559406,
    2.8145089756211648,
    2.815329593212317,
    2.8038281931561153,
    2.813831696828498,
    2.8105661924667693,
    2.8162824540601945,
    2.8139385634892946,
    2.805184579189155,
    2.807711413665065,
    2.815673332369184,
    2.8178072420191285,
    2.8190240597629157,
    2.8162679335444802,
    2.8100121872940464,
    2.8101946675543292,
    2.8042755542241933,
    2.811823622385498,
    2.8013697714276926,
    2.796094897796809,
    2.8138643969327077,
    2.813728980452204,
    2.807899909082617,
    2.810159015233369,
    2.8065375592968937,
    2.809567285910284,
    2.814174565545775,
    2.803793149290661,
    2.810277659531201,
    2.809342570425193,
    2.807461427692874,
    2.8147419725992022,
    2.8064191076667515,
    2.816093127333835,
    2.805055436788172,
    2.8023578869999843,
    2.8042566823666895,
    2.8077117814274213,
    2.8132576196926493,
    2.8067237540788037,
    2.8035653241057337,
    2.8111677812377684,
    2.8062341073798014,
    2.8032845220577745,
    2.8026450236469316,
    2.8078456848456277,
    2.802999232976093,
    2.8176384784036212,
    2.814423124490471,
    2.8090248709120287,
    2.8152528687283054,
    2.8070767455960084,
    2.806774792544041,
    2.802351176537939,
    2.8031174711343447,
    2.806196977358603,
    2.804107853370339,
    2.806432079714717,
    2.810803206809109,
    2.8113147956608957,
    2.8048867705158225,
    2.8074843281945747,
    2.8034038374082724,
    2.808575960899346,
    2.8162538033925135,
    2.816169045376573,
    2.8078475026482246,
    2.808992793327023,
    2.8012674878115056,
    2.808065900490873,
    2.8099173951468686,
    2.807100300468796,
    2.8159745992411445,
    2.8146325031885784,
    2.815804438980591,
    2.8102748248142415,
    2.8104532305295113,
    2.820193710791189,
    2.8069886215163735,
    2.8103404029600196,
    2.809473336002533,
    2.807719535655896,
    2.808213273451947,
    2.8139662570611628,
    2.8152515418700297,
    2.8088573907668386,
    2.8093656341993025,
    2.81339529885725,
    2.8139220553204534
  ],
  "leakage_fraction": 0.0,
  "total_time": 1.7873139381408691,
  "backend_name": "Metal (Apple M4 Max)",
  "n_particles": 50000,
  "n_batches": 100,
  "n_inactive": 20,
  "n_active": 80,
  "r_edges": [
    0.0,
    0.040432319999999994,
    0.08086463999999999,
    0.12129695999999998,
    0.16172927999999998,
    0.20216159999999997,
    0.24259391999999996,
    0.28302624,
    0.32345855999999995,
    0.3638908799999999,
    0.40432319999999994,
    0.44475551999999996,
    0.4851878399999999,
    0.5256201599999999,
    0.56605248,
    0.6064847999999999,
    0.6469171199999999,
    0.6873494399999999,
    0.7277817599999998,
    0.7682140799999999,
    0.8086463999999999,
    0.8490787199999998,
    0.8895110399999999,
    0.9299433599999999,
    0.9703756799999999,
    1.010808
  ],
  "z_edges": [
    -0.9603079999999999,
    -0.8962874666666666,
    -0.8322669333333332,
    -0.7682464,
    -0.7042258666666666,
    -0.6402053333333333,
    -0.5761848,
    -0.5121642666666667,
    -0.44814373333333335,
    -0.3841232,
    -0.32010266666666665,
    -0.2560821333333334,
    -0.19206160000000005,
    -0.1280410666666667,
    -0.06402053333333346,
    -1.1102230246251565e-16,
    0.06402053333333324,
    0.12804106666666648,
    0.19206159999999994,
    0.2560821333333332,
    0.32010266666666665,
    0.3841231999999999,
    0.4481437333333331,
    0.5121642666666666,
    0.5761847999999998,
    0.6402053333333331,
    0.7042258666666665,
    0.7682463999999998,
    0.832266933333333,
    0.8962874666666665,
    0.9603079999999999
  ]
}