{
  "keff": 1.0018185333333331,
  "keff_std": 0.0004594640627259272,
  "keff_history": [
    0.98546,
    0.99768,
    0.99906,
    1.00716,
    1.00864,
    1.00012,
    1.01046,
    1.00482,
    1.01054,
    1.0024,
    0.99922,
    1.00792,
    0.99628,
    1.00932,
    1.00922,
    1.00746,
    0.99392,
    0.99686,
    0.99292,
    1.00552,
    1.01128,
    0.9913,
    1.01096,
    1.00278,
    1.0021,
    1.00664,
    1.0015,
    1.00372,
    0.9974,
    1.01426,
    1.00372,
    0.9999,
    0.9988,
    0.99598,
    0.99124,
    1.0016,
    0.99348,
    1.00092,
    1.0084,
    1.00574,
    1.00378,
    1.00204,
    1.0002,
    0.99986,
    1.00274,
    1.00026,
    0.9993,
    1.0035,
    1.00412,
    1.00434,
    0.9978,
    0.99842,
    1.00774,
    0.9979,
    1.007,
    1.0048,
    1.00876,
    0.99712,
    0.9934,
    1.0107,
    1.0021,
    1.00314,
    1.00296,
    0.99904,
    0.99966,
    1.01184,
    0.99706,
    1.00526,
    1.00376,
    1.01378,
    1.00594,
    1.00248,
    1.00644,
    1.01572,
    1.00506,
    1.00238,
    0.99836,
    0.99794,
    1.01082,
    0.99438,
    1.00224,
    1.00126,
    1.01228,
    1.00074,
    1.00266,
    0.99676,
    1.0019,
    1.00762,
    1.00054,
    0.99276,
    1.00696,
    1.00712,
    1.0018,
    1.001,
    0.99932,
    1.00468,
    1.00384,
    1.0113,
    0.99292,
    0.99814,
    1.01208,
    0.99556,
    1.00232,
    1.00138,
    1.00078,
    1.00054,
    0.9901,
    1.00226,
    0.99684,
    0.99532,
    1.0155,
    1.01382,
    0.99382,
    1.00122,
    0.99616,
    1.00004,
    1.00334,
    0.99734,
    1.01104,
    1.00376,
    0.99824,
    0.9978,
    0.99906,
    1.00006,
    1.01076,
    0.99408,
    0.99936,
    0.9963,
    0.9882,
    1.00568,
    1.00542,
    1.00494,
    1.0012,
    1.00318,
    1.00178,
    1.00228,
    0.99998,
    1.00394,
    1.00922,
    1.00136,
    1.00024,
    1.00322,
    1.00388,
    1.00636,
    0.99682,
    0.99794,
    1.00494,
    1.00604,
    1.00392,
    0.99904,
    0.9955,
    0.99556,
    0.99796,
    0.99854,
    1.00286,
    0.99436,
    0.99928,
    0.99712,
    1.00292,
    1.00788,
    1.01052,
    1.01394,
    1.00436,
    0.9975,
    0.99228,
    0.9977,
    1.00552,
    0.99896,
    0.99318,
    1.00978,
    0.99484,
    0.99748,
    0.99528,
    1.0018,
    0.99768,
    1.00926,
    0.99216,
    1.00294,
    0.9986,
    0.99812,
    1.00436,
    0.99326,
    1.0135,
    1.00536,
    1.00328,
    1.00434,
    0.99194,
    1.0062,
    1.00844,
    1.00104,
    1.00062,
    0.99316,
    1.00108,
    1.00896,
    0.99632,
    1.00156,
    1.00854,
    0.99792,
    1.00172,
    1.00124
  ],
  "entropy_history": [
    2.8022256847969755,
    2.809819036669671,
    2.8018002443052197,
    2.805197530845711,
    2.8073036031129797,
    2.8055083266935785,
    2.8057721309522363,
    2.8108153479869946,
    2.8031642192613253,
    2.8075540021561585,
    2.8122665715811164,
    2.811000310509062,
    2.808772058210621,
    2.812666713319854,
    2.808455590023446,
    2.809285866294482,
    2.8073032701263907,
    2.8043137234109192,
    2.805824578663856,
    2.8078942189221987,
    2.8056984468177117,
    2.805004094041524,
    2.80484888978441,
    2.8047000700062243,
    2.806101284548049,
    2.8053941389783867,
    2.813050448257907,
    2.807649959206918,
    2.8132874563142587,
    2.807757232954195,
    2.8122036119901965,
    2.8009816020657334,
    2.8057131819324717,
    2.8067865680262027,
    2.811746078116333,
    2.803887036946232,
    2.804903616742748,
    2.8059852640655127,
    2.8074294699441618,
    2.808612292893143,
    2.8093008363988616,
    2.811813729512575,
    2.810241350578807,
    2.8042391000597267,
    2.805130959096514,
    2.8156849233933228,
    2.811603338878404,
    2.8087007196235203,
    2.80630138984995,
    2.8059800021715158,
    2.802153184236464,
    2.808244266921248,
    2.7990556167098335,
    2.8099342786868964,
    2.8104696789858936,
    2.8079138445123917,
    2.8084654465251258,
    2.8141494946574452,
    2.810724805020671,
    2.802432028300246,
    2.8060152685143662,
    2.8119840247876793,
    2.8083228372856612,
    2.8041372424030713,
    2.810182814581653,
    2.8058476772447714,
    2.8053000933849517,
    2.8038042797950946,
    2.8077240496346674,
    2.8089282055947127,
    2.8057650451683016,
    2.811964389952499,
    2.8116468183555106,
    2.8043683817450566,
    2.81183656493393,
    2.806387992740221,
    2.803162750010844,
    2.8040669469421537,
    2.812339011944954,
    2.81076317128116,
    2.8091670763364265,
    2.819886992573794,
    2.814027601319139,
    2.8131563224322558,
    2.809245018909891,
    2.813574648859482,
    2.8065340561348675,
    2.8110536442199505,
    2.8071294453413334,
    2.8086790131224495,
    2.814782678858916,
    2.8093228974718967,
    2.8175499351810602,
    2.8104592645290856,
    2.810247226009003,
    2.811758971354235,
    2.8081603716646977,
    2.8098657677253285,
    2.8054669044437617,
    2.807926390847949,
    2.812266946965373,
    2.814141448634297,
    2.809326921206651,
    2.807817486656776,
    2.802681975025482,
    2.8103909336840514,
    2.8118947999377712,
    2.816481400336503,
    2.8131126322248265,
    2.808470620172201,
    2.807569050122466,
    2.8114795492013225,
    2.813994060539313,
    2.808180221002071,
    2.813560622121202,
    2.80535593883452,
    2.8053764241585153,
    2.8103360489798734,
    2.8186668976734635,
    2.810089727783654,
    2.8087190735089367,
    2.8078356452715383,
    2.810204558646392,
    2.803188352891852,
    2.808367603057987,
    2.8081904130614648,
    2.805836759031446,
    2.8059015864023866,
    2.807751047556804,
    2.805636776584156,
    2.8109441549612164,
    2.814309198318408,
    2.815407603472085,
    2.811341703009414,
    2.803121811634688,
    2.8095344296931977,
    2.8053713341308093,
    2.802163381234046,
    2.802121699199199,
    2.807927369770941,
    2.8075983502964825,
    2.799727009504965,
    2.800762473386093,
    2.806302363377345,
    2.8092472094685923,
    2.8188174592538373,
    2.8050395358113795,
    2.8154891202373085,
    2.810730047942111,
    2.806307670603783,
    2.8077668558460678,
    2.8119047816477214,
    2.8144254224541716,
    2.8145881688718646,
    2.8149806843995,
    2.8046825139799374,
    2.807823240097641,
    2.8089204133955445,
    2.812010671082745,
    2.8073508749479017,
    2.816300635108325,
    2.809596423613051,
    2.8062819622528115,
    2.81042808037112,
    2.814276529591508,
    2.8080035129419967,
    2.80430568607355,
    2.813370547516555,
    2.8063352293075994,
    2.8067390557135856,
    2.8055760800137346,
    2.8102430310201867,
    2.809624852228907,
    2.8081067806805335,
    2.8080549962141457,
    2.8115165103121385,
    2.8138403945256254,
    2.8127341652685187,
    2.813856376132172,
    2.8129495754393874,
    2.8059455566892724,
    2.810894926535274,
    2.8039774702876263,
    2.810550329255399,
    2.810544429685197,
    2.807277709608644,
    2.804160951670316,
    2.8142982732809196,
    2.809273602989461,
    2.80825810351532,
    2.80201163431767,
    2.805263790849925,
    2.8052508710276864,
    2.79893363431119,
    2.8128121088938656,
    2.8053111115771676,
    2.8060780505238454,
    2.800992279056848,
    2.801326501710782,
    2.809874743414307
  ],
  "leakage_fraction": 0.0,
  "total_time": 7.127737998962402,
  "backend_name": "Metal (Apple M1)",
  "n_particles": 50000,
  "n_batches": 200,
  "n_inactive": 50,
  "n_active": 150,